FilePath,ParentPath,BaseName,Extension,Key,CreationTimeUtc,LastAccessTimeUtc,LastWriteTimeUtc,Attributes
C:\PROJECTS\Backup_H2\AKS,C:\PROJECTS\Backup_H2,AKS,NULL,661//111///222700/222330642::211601:::341362:AP4MM0AM,6/1/2023 6:10:46 AM,6/1/2023 6:11:12 AM,11/27/2022 6:33:40 AM,Directory
C:\PROJECTS\Backup_H2\AZL,C:\PROJECTS\Backup_H2,AZL,NULL,666///111///222000222333646:::111011:::411622APAMMM,6/1/2023 6:10:46 AM,6/1/2023 6:11:12 AM,6/1/2023 6:11:12 AM,Directory
C:\PROJECTS\Backup_H2\BAV,C:\PROJECTS\Backup_H2,BAV,NULL,666///111///222000222333646:::111011:::411722APAMMM,6/1/2023 6:10:47 AM,6/1/2023 6:11:12 AM,6/1/2023 6:11:12 AM,Directory
C:\PROJECTS\Backup_H2\FGO,C:\PROJECTS\Backup_H2,FGO,NULL,666///111///222000222333646:::111011:::411722APAMMM,6/1/2023 6:10:47 AM,6/1/2023 6:11:12 AM,6/1/2023 6:11:12 AM,Directory
C:\PROJECTS\Backup_H2\GBF,C:\PROJECTS\Backup_H2,GBF,NULL,666///111///222000222333646:::111011:::411722APAMMM,6/1/2023 6:10:47 AM,6/1/2023 6:11:12 AM,6/1/2023 6:11:12 AM,Directory
C:\PROJECTS\Backup_H2\GSI,C:\PROJECTS\Backup_H2,GSI,NULL,666///111///222000222333646:::111011:::411755APAMMM,6/1/2023 6:10:47 AM,6/1/2023 6:11:15 AM,6/1/2023 6:11:15 AM,Directory
C:\PROJECTS\Backup_H2\Named,C:\PROJECTS\Backup_H2,Named,NULL,666///111///222000222333646:::111011:::511355APAMMM,6/1/2023 6:10:53 AM,6/1/2023 6:11:15 AM,6/1/2023 6:11:15 AM,Directory
C:\PROJECTS\Backup_H2\output,C:\PROJECTS\Backup_H2,output,NULL,666///111///222000222333646:::111011:::511355APAMMM,6/1/2023 6:10:53 AM,6/1/2023 6:11:15 AM,6/1/2023 6:11:15 AM,Directory
C:\PROJECTS\Backup_H2\PCC,C:\PROJECTS\Backup_H2,PCC,NULL,666///111///222000222333646:::111011:::411966APAMMM,6/1/2023 6:10:49 AM,6/1/2023 6:11:16 AM,6/1/2023 6:11:16 AM,Directory
C:\PROJECTS\Backup_H2\Unnamed,C:\PROJECTS\Backup_H2,Unnamed,NULL,666///111///222000222333646:::111011:::511077APAMMM,6/1/2023 6:10:50 AM,6/1/2023 6:11:17 AM,6/1/2023 6:11:17 AM,Directory
C:\PROJECTS\Backup_H2\Z-ANI,C:\PROJECTS\Backup_H2,Z-ANI,NULL,666///111///222000222333646:::111011:::511388APAMMM,6/1/2023 6:10:53 AM,6/1/2023 6:11:18 AM,6/1/2023 6:11:18 AM,Directory
C:\PROJECTS\Backup_H2\Z-Miscellaneous,C:\PROJECTS\Backup_H2,Z-Miscellaneous,NULL,666///111///222000222333646:::111011:::411988APAMMM,6/1/2023 6:10:49 AM,6/1/2023 6:11:18 AM,6/1/2023 6:11:18 AM,Directory
C:\PROJECTS\Backup_H2\Z-Z-Template-Folders,C:\PROJECTS\Backup_H2,Z-Z-Template-Folders,NULL,666///111///222000222333646:::111011:::511099APAMMM,6/1/2023 6:10:50 AM,6/1/2023 6:11:19 AM,6/1/2023 6:11:19 AM,Directory
C:\PROJECTS\Backup_H2\Z-Z-Z-Website,C:\PROJECTS\Backup_H2,Z-Z-Z-Website,NULL,666///111///222000222333646:::111011:::511199APAMMM,6/1/2023 6:10:51 AM,6/1/2023 6:11:19 AM,6/1/2023 6:11:19 AM,Directory
C:\PROJECTS\Backup_H2\Z-Z-Z-Z-Z-Z-output,C:\PROJECTS\Backup_H2,Z-Z-Z-Z-Z-Z-output,NULL,664///111//222/002220332643::111201:::152640:AP1MM9PM,6/1/2023 6:10:54 AM,6/1/2023 6:11:20 AM,4/12/2023 12:16:19 PM,Directory
C:\PROJECTS\Backup_H2\context.txt,C:\PROJECTS\Backup_H2,context,.txt,661//211///222500/222330642::211101:::341261:AP4MM2AM,6/1/2023 6:10:46 AM,6/1/2023 6:11:11 AM,12/25/2022 1:32:42 AM,Archive
C:\PROJECTS\Backup_H2\NameGen.ps1,C:\PROJECTS\Backup_H2,NameGen,.ps1,661//211///222500/222330642::211401:::041162:AP0MM2PM,6/1/2023 6:10:46 AM,6/1/2023 6:11:12 AM,12/25/2022 4:01:02 PM,Archive
C:\PROJECTS\Backup_H2\questionable.ps1,C:\PROJECTS\Backup_H2,questionable,.ps1,664///111//222/002220332643::111201:::141062:AP3MM2PM,6/1/2023 6:10:46 AM,6/1/2023 6:11:12 AM,4/12/2023 12:10:32 PM,Archive
C:\PROJECTS\Backup_H2\TagMap.csv,C:\PROJECTS\Backup_H2,TagMap,.csv,661///112//822/002220332643::611:013::541:623AP6MMAM,6/1/2023 6:10:46 AM,6/1/2023 6:11:12 AM,1/28/2023 6:35:36 AM,Archive
C:\PROJECTS\Backup_H2\TagMap.xlsx,C:\PROJECTS\Backup_H2,TagMap,.xlsx,661//211///122900/222330642::211301:::241262:AP0MM6AM,6/1/2023 6:10:46 AM,6/1/2023 6:11:12 AM,12/19/2022 3:22:06 AM,Archive
C:\PROJECTS\Backup_H2\AZL\Bremerton,C:\PROJECTS\Backup_H2\AZL,Bremerton,NULL,666///111///222000222333646:::111011:::411622APAMMM,6/1/2023 6:10:46 AM,6/1/2023 6:11:12 AM,6/1/2023 6:11:12 AM,Directory
C:\PROJECTS\Backup_H2\AZL\Formidable,C:\PROJECTS\Backup_H2\AZL,Formidable,NULL,666///111///222000222333646:::111011:::411722APAMMM,6/1/2023 6:10:47 AM,6/1/2023 6:11:12 AM,6/1/2023 6:11:12 AM,Directory
C:\PROJECTS\Backup_H2\AZL\Bremerton\ae1bn2nl3PK4abafcl.jpg,C:\PROJECTS\Backup_H2\AZL\Bremerton,ae1bn2nl3PK4abafcl,.jpg,661//111///222700/222330642::211101:::141762:AP2MM8PM,6/1/2023 6:10:46 AM,6/1/2023 6:11:12 AM,11/27/2022 1:17:28 PM,Archive
C:\PROJECTS\Backup_H2\AZL\Bremerton\ae1bn2nl3PK4abclcvez.jpg,C:\PROJECTS\Backup_H2\AZL\Bremerton,ae1bn2nl3PK4abclcvez,.jpg,661//111///222700/222330642::2111012:::415629AP:MM50PM,6/1/2023 6:10:46 AM,6/1/2023 6:11:12 AM,11/27/2022 12:59:50 PM,Archive
C:\PROJECTS\Backup_H2\AZL\Bremerton\ae1bn2nl3PK4abebkl)gbefcx.jpg,C:\PROJECTS\Backup_H2\AZL\Bremerton,ae1bn2nl3PK4abebkl)gbefcx,.jpg,661//111///222700/222330642::211101:::041062:AP5MM8PM,6/1/2023 6:10:46 AM,6/1/2023 6:11:12 AM,11/27/2022 1:00:58 PM,Archive
C:\PROJECTS\Backup_H2\AZL\Bremerton\ae1bn2nl3PK4abkl)mbcncp.jpg,C:\PROJECTS\Backup_H2\AZL\Bremerton,ae1bn2nl3PK4abkl)mbcncp,.jpg,661//111///222700/222330642::211101:::041162:AP1MM8PM,6/1/2023 6:10:46 AM,6/1/2023 6:11:12 AM,11/27/2022 1:01:18 PM,Archive
C:\PROJECTS\Backup_H2\AZL\Bremerton\ae1bn2nl3PK4cnabcvez.png,C:\PROJECTS\Backup_H2\AZL\Bremerton,ae1bn2nl3PK4cnabcvez,.png,661//111///222700/222330642::211101:::041162:AP2MM0PM,6/1/2023 6:10:46 AM,6/1/2023 6:11:12 AM,11/27/2022 1:01:20 PM,Archive
C:\PROJECTS\Backup_H2\AZL\Bremerton\ae1bn2nl3PK4cvabcjep.png,C:\PROJECTS\Backup_H2\AZL\Bremerton,ae1bn2nl3PK4cvabcjep,.png,661///111//322/002220332643::211:012::241:722AP6MMPM,6/1/2023 6:10:47 AM,6/1/2023 6:11:12 AM,1/13/2023 2:22:26 PM,Archive
C:\PROJECTS\Backup_H2\AZL\Bremerton\ae1bn2nl3PK4cvingpgbabcjef.png,C:\PROJECTS\Backup_H2\AZL\Bremerton,ae1bn2nl3PK4cvingpgbabcjef,.png,661///111//322/002220332643::311:013::141:723AP6MMPM,6/1/2023 6:10:47 AM,6/1/2023 6:11:12 AM,1/13/2023 3:31:36 PM,Archive
C:\PROJECTS\Backup_H2\AZL\Formidable\ae1fe2nl3WE4abalcv.png,C:\PROJECTS\Backup_H2\AZL\Formidable,ae1fe2nl3WE4abalcv,.png,661//111///222700/222330642::211701:::241172:AP4MM6AM,6/1/2023 6:10:47 AM,6/1/2023 6:11:12 AM,11/27/2022 7:21:46 AM,Archive
C:\PROJECTS\Backup_H2\AZL\Formidable\ae1fe2nl3WE4cvabalcl.png,C:\PROJECTS\Backup_H2\AZL\Formidable,ae1fe2nl3WE4cvabalcl,.png,661//111///222700/222330642::2111012:::413727AP:MM08PM,6/1/2023 6:10:47 AM,6/1/2023 6:11:12 AM,11/27/2022 12:37:08 PM,Archive
C:\PROJECTS\Backup_H2\AZL\Formidable\ae1fe2nl3WE4cvalabgbcp.jpg,C:\PROJECTS\Backup_H2\AZL\Formidable,ae1fe2nl3WE4cvalabgbcp,.jpg,661//111///222700/222330642::2111012:::414727AP:MM34PM,6/1/2023 6:10:47 AM,6/1/2023 6:11:12 AM,11/27/2022 12:47:34 PM,Archive
C:\PROJECTS\Backup_H2\Named\ae1bn2RCG3PK4cjabcvmd.jpg,C:\PROJECTS\Backup_H2\Named,ae1bn2RCG3PK4cjabcvmd,.jpg,662///112//422/002220332643::111:010::051:453AP0MMPM,6/1/2023 6:10:54 AM,6/1/2023 6:11:15 AM,2/24/2023 1:00:30 PM,Archive
C:\PROJECTS\Backup_H2\Named\ae1fe2DS3SR4cvafabgvcxof.jpg,C:\PROJECTS\Backup_H2\Named,ae1fe2DS3SR4cvafabgvcxof,.jpg,661///111//322/002220332643::311:014::551:450AP8MMPM,6/1/2023 6:10:54 AM,6/1/2023 6:11:15 AM,1/13/2023 3:45:08 PM,Archive
C:\PROJECTS\Backup_H2\Named\ae1za2nl3RD4abclalez-S.jpg,C:\PROJECTS\Backup_H2\Named,ae1za2nl3RD4abclalez-S,.jpg,661///111//322/002220332643::311:013::051:451AP4MMPM,6/1/2023 6:10:54 AM,6/1/2023 6:11:15 AM,1/13/2023 3:30:14 PM,Archive
C:\PROJECTS\Backup_H2\Named\ae1za2nl3RD4abclaraj.jpg,C:\PROJECTS\Backup_H2\Named,ae1za2nl3RD4abclaraj,.jpg,661///111//322/002220332643::311:012::951:450AP0MMPM,6/1/2023 6:10:54 AM,6/1/2023 6:11:15 AM,1/13/2023 3:29:00 PM,Archive
C:\PROJECTS\Backup_H2\Named\ae1za2nl3RD4ajalclabez-S.jpg,C:\PROJECTS\Backup_H2\Named,ae1za2nl3RD4ajalclabez-S,.jpg,661///111//922/002220332643::111101:::151945:AP5MM4AM,6/1/2023 6:10:54 AM,6/1/2023 6:11:15 AM,1/19/2023 11:19:54 AM,Archive
C:\PROJECTS\Backup_H2\Named\ai1aa2nl3BE4klezkvabaf.jpg,C:\PROJECTS\Backup_H2\Named,ai1aa2nl3BE4klezkvabaf,.jpg,662///111//122/002220332643::111001:::451945:AP0MM2AM,6/1/2023 6:10:54 AM,6/1/2023 6:11:15 AM,2/11/2023 10:49:02 AM,Archive
C:\PROJECTS\Backup_H2\Named\ai1na2nl3PK4abapgvgn)gncv-S.jpg,C:\PROJECTS\Backup_H2\Named,ai1na2nl3PK4abapgvgn)gncv-S,.jpg,661///111//322/002220332643::211:012::451:450AP0MMPM,6/1/2023 6:10:54 AM,6/1/2023 6:11:15 AM,1/13/2023 2:24:00 PM,Archive
C:\PROJECTS\Backup_H2\Named\ai1na2nl3PK4afabcjapgvep-S.png,C:\PROJECTS\Backup_H2\Named,ai1na2nl3PK4afabcjapgvep-S,.png,661///111//422/002220332643::111201:::451045:AP1MM8PM,6/1/2023 6:10:54 AM,6/1/2023 6:11:15 AM,1/14/2023 12:40:18 PM,Archive
C:\PROJECTS\Backup_H2\Named\ai1yr2nl3BK4abcx.jpg,C:\PROJECTS\Backup_H2\Named,ai1yr2nl3BK4abcx,.jpg,662///112//422/002220332643::111201:::451345:AP2MM2PM,6/1/2023 6:10:54 AM,6/1/2023 6:11:15 AM,2/24/2023 12:43:22 PM,Archive
C:\PROJECTS\Backup_H2\Named\gt1aa2nl3LB4abgpczajafmzcfeb.png,C:\PROJECTS\Backup_H2\Named,gt1aa2nl3LB4abgpczajafmzcfeb,.png,661///111//722/002220332643::711:012::151:353AP0MMAM,6/1/2023 6:10:53 AM,6/1/2023 6:11:15 AM,1/17/2023 7:21:30 AM,Archive
C:\PROJECTS\Backup_H2\Named\gt1aa2nl3LB4adafajcx.jpg,C:\PROJECTS\Backup_H2\Named,gt1aa2nl3LB4adafajcx,.jpg,661///111//322/002220332643::311:013::151:355AP8MMPM,6/1/2023 6:10:53 AM,6/1/2023 6:11:15 AM,1/13/2023 3:31:58 PM,Archive
C:\PROJECTS\Backup_H2\Named\gt1aa2nl3LB4adafajcx.png,C:\PROJECTS\Backup_H2\Named,gt1aa2nl3LB4adafajcx,.png,661///111//422/002220332643::111201:::551335:AP3MM6PM,6/1/2023 6:10:53 AM,6/1/2023 6:11:15 AM,1/14/2023 12:53:36 PM,Archive
C:\PROJECTS\Backup_H2\Named\gt1aa2nl3LB4ajafabcfmzcz-S.png,C:\PROJECTS\Backup_H2\Named,gt1aa2nl3LB4ajafabcfmzcz-S,.png,661///111//722/002220332643::711:012::151:353AP4MMAM,6/1/2023 6:10:53 AM,6/1/2023 6:11:15 AM,1/17/2023 7:21:34 AM,Archive
C:\PROJECTS\Backup_H2\Named\gt1ei2CG3PP4cx.png,C:\PROJECTS\Backup_H2\Named,gt1ei2CG3PP4cx,.png,661///111//322/002220332643::211:012::751:351AP2MMPM,6/1/2023 6:10:53 AM,6/1/2023 6:11:15 AM,1/13/2023 2:27:12 PM,Archive
C:\PROJECTS\Backup_H2\Named\gt1ei2nl3PP4avabmbgpmfcxaf.png,C:\PROJECTS\Backup_H2\Named,gt1ei2nl3PP4avabmbgpmfcxaf,.png,661///111//922/002220332643::111101:::251935:AP5MM4AM,6/1/2023 6:10:53 AM,6/1/2023 6:11:15 AM,1/19/2023 11:29:54 AM,Archive
C:\PROJECTS\Backup_H2\Named\gt1ei2RCG3PP4ixadafcroh.png,C:\PROJECTS\Backup_H2\Named,gt1ei2RCG3PP4ixadafcroh,.png,661///111//422/002220332643::111:014::351:355AP8MMAM,6/1/2023 6:10:53 AM,6/1/2023 6:11:15 AM,1/14/2023 1:43:58 AM,Archive
C:\PROJECTS\Backup_H2\Named\gt1gu2SBL3BE4anefedgpabcxmdaf.jpg,C:\PROJECTS\Backup_H2\Named,gt1gu2SBL3BE4anefedgpabcxmdaf,.jpg,662///111//222/002220332643::111:011::451:451AP8MMPM,6/1/2023 6:10:54 AM,6/1/2023 6:11:15 AM,2/12/2023 1:14:18 PM,Archive
C:\PROJECTS\Backup_H2\Named\gt1jn2MY3BE4abojofgpmdafaj.jpg,C:\PROJECTS\Backup_H2\Named,gt1jn2MY3BE4abojofgpmdafaj,.jpg,661///111//322/002220332643::211:014::551:355AP2MMPM,6/1/2023 6:10:53 AM,6/1/2023 6:11:15 AM,1/13/2023 2:45:52 PM,Archive
C:\PROJECTS\Backup_H2\Named\gt1kg2DS3PP4abcxcvgd.jpg,C:\PROJECTS\Backup_H2\Named,gt1kg2DS3PP4abcxcvgd,.jpg,661///111//722/002220332643::611:014::951:354AP8MMAM,6/1/2023 6:10:53 AM,6/1/2023 6:11:15 AM,1/17/2023 6:49:48 AM,Archive
C:\PROJECTS\Backup_H2\Named\gt1kg2SBL3PP4cvabofgdezmf.jpg,C:\PROJECTS\Backup_H2\Named,gt1kg2SBL3PP4cvabofgdezmf,.jpg,661///111//722/002220332643::711:012::151:354AP4MMAM,6/1/2023 6:10:53 AM,6/1/2023 6:11:15 AM,1/17/2023 7:21:44 AM,Archive
C:\PROJECTS\Backup_H2\Named\gt1kg2SFB3PP4gdcvcxef.png,C:\PROJECTS\Backup_H2\Named,gt1kg2SFB3PP4gdcvcxef,.png,661///111//722/002220332643::611:014::951:453AP6MMAM,6/1/2023 6:10:54 AM,6/1/2023 6:11:15 AM,1/17/2023 6:49:36 AM,Archive
C:\PROJECTS\Backup_H2\Named\gt1ki2CG3PK4cvafadcxcr.png,C:\PROJECTS\Backup_H2\Named,gt1ki2CG3PK4cvafadcxcr,.png,661///111//422/002220332643::111201:::451645:AP3MM6PM,6/1/2023 6:10:54 AM,6/1/2023 6:11:15 AM,1/14/2023 12:46:36 PM,Archive
C:\PROJECTS\Backup_H2\Named\gt1ki2MY3PK4adcxcz.png,C:\PROJECTS\Backup_H2\Named,gt1ki2MY3PK4adcxcz,.png,661///111//722/002220332643::711:012::051:455AP8MMAM,6/1/2023 6:10:54 AM,6/1/2023 6:11:15 AM,1/17/2023 7:20:58 AM,Archive
C:\PROJECTS\Backup_H2\Named\gt1ki2MY3PK4afadgpcretefcx.jpg,C:\PROJECTS\Backup_H2\Named,gt1ki2MY3PK4afadgpcretefcx,.jpg,662///111//222/002220332643::111:012::951:454AP0MMPM,6/1/2023 6:10:54 AM,6/1/2023 6:11:15 AM,2/12/2023 1:29:40 PM,Archive
C:\PROJECTS\Backup_H2\Named\gt1ki2nl3PK4cvadcx.jpg,C:\PROJECTS\Backup_H2\Named,gt1ki2nl3PK4cvadcx,.jpg,662///117///222000222333644:::113015:::515450APAMMM,6/1/2023 6:10:54 AM,6/1/2023 6:11:15 AM,2/7/2023 4:35:50 AM,Archive
C:\PROJECTS\Backup_H2\Named\gt1na2nl3WE4abezclczmfcxafaj.jpg,C:\PROJECTS\Backup_H2\Named,gt1na2nl3WE4abezclczmfcxafaj,.jpg,661///111//322/002220332643::211:011::551:452AP0MMPM,6/1/2023 6:10:54 AM,6/1/2023 6:11:15 AM,1/13/2023 2:15:20 PM,Archive
C:\PROJECTS\Backup_H2\Named\gt1na2nl3WE4afabcxmh.jpg,C:\PROJECTS\Backup_H2\Named,gt1na2nl3WE4afabcxmh,.jpg,661///111//322/002220332643::211:011::851:454AP0MMPM,6/1/2023 6:10:54 AM,6/1/2023 6:11:15 AM,1/13/2023 2:18:40 PM,Archive
C:\PROJECTS\Backup_H2\Named\gt1na2nl3WE4mhabajefezen.jpg,C:\PROJECTS\Backup_H2\Named,gt1na2nl3WE4mhabajefezen,.jpg,661///111//322/002220332643::211:011::451:454AP8MMPM,6/1/2023 6:10:54 AM,6/1/2023 6:11:15 AM,1/13/2023 2:14:48 PM,Archive
C:\PROJECTS\Backup_H2\Named\gt1ng2nl3WE4cxabafcpob.jpg,C:\PROJECTS\Backup_H2\Named,gt1ng2nl3WE4cxabafcpob,.jpg,661///111//922/002220332643::111101:::151845:AP1MM6AM,6/1/2023 6:10:54 AM,6/1/2023 6:11:15 AM,1/19/2023 11:18:16 AM,Archive
C:\PROJECTS\Backup_H2\Named\gt1nu2MY3RD4abijcranafkvezcx.png,C:\PROJECTS\Backup_H2\Named,gt1nu2MY3RD4abijcranafkvezcx,.png,661///111//722/002220332643::711:014::151:455AP0MMAM,6/1/2023 6:10:54 AM,6/1/2023 6:11:15 AM,1/17/2023 7:41:50 AM,Archive
C:\PROJECTS\Backup_H2\Named\gt1nu2MY3RD4cxadgpmdcz.png,C:\PROJECTS\Backup_H2\Named,gt1nu2MY3RD4cxadgpmdcz,.png,662///112//422/002220332643::111201:::451945:AP5MM4PM,6/1/2023 6:10:54 AM,6/1/2023 6:11:15 AM,2/24/2023 12:49:54 PM,Archive
C:\PROJECTS\Backup_H2\Named\gt1nu2nl3RD4abctmdgpcjafan.jpg,C:\PROJECTS\Backup_H2\Named,gt1nu2nl3RD4abctmdgpcjafan,.jpg,661///111//422/002220332643::111201:::551145:AP3MM6PM,6/1/2023 6:10:54 AM,6/1/2023 6:11:15 AM,1/14/2023 12:51:36 PM,Archive
C:\PROJECTS\Backup_H2\Named\gt1nu2nl3RD4anabcj.jpg,C:\PROJECTS\Backup_H2\Named,gt1nu2nl3RD4anabcj,.jpg,661///111//422/002220332643::111201:::551145:AP2MM8PM,6/1/2023 6:10:54 AM,6/1/2023 6:11:15 AM,1/14/2023 12:51:28 PM,Archive
C:\PROJECTS\Backup_H2\Named\gt1nu2nl3RD4cvafabklkvcxez.jpg,C:\PROJECTS\Backup_H2\Named,gt1nu2nl3RD4cvafabklkvcxez,.jpg,661///111//422/002220332643::111201:::551345:AP1MM2PM,6/1/2023 6:10:54 AM,6/1/2023 6:11:15 AM,1/14/2023 12:53:12 PM,Archive
C:\PROJECTS\Backup_H2\Named\gt1se2nl3WE4afabezod-S.jpg,C:\PROJECTS\Backup_H2\Named,gt1se2nl3WE4afabezod-S,.jpg,661///111//322/002220332643::211:011::551:451AP0MMPM,6/1/2023 6:10:54 AM,6/1/2023 6:11:15 AM,1/13/2023 2:15:10 PM,Archive
C:\PROJECTS\Backup_H2\Named\gt1yn2MY3BK4afabmfofktmd.png,C:\PROJECTS\Backup_H2\Named,gt1yn2MY3BK4afabmfofktmd,.png,662///112//422/002220332643::111:010::151:453AP2MMPM,6/1/2023 6:10:54 AM,6/1/2023 6:11:15 AM,2/24/2023 1:01:32 PM,Archive
C:\PROJECTS\Backup_H2\Named\gt1yn2nl3BE4czahabez.jpg,C:\PROJECTS\Backup_H2\Named,gt1yn2nl3BE4czahabez,.jpg,661///111//722/002220332643::111101:::251445:AP1MM2AM,6/1/2023 6:10:54 AM,6/1/2023 6:11:15 AM,1/17/2023 11:24:12 AM,Archive
C:\PROJECTS\Backup_H2\Named\gy1mn2MY3BE4adalctatijaf.jpg,C:\PROJECTS\Backup_H2\Named,gy1mn2MY3BE4adalctatijaf,.jpg,661///111//922/002220332643::111101:::151945:AP4MM0AM,6/1/2023 6:10:54 AM,6/1/2023 6:11:15 AM,1/19/2023 11:19:40 AM,Archive
C:\PROJECTS\Backup_H2\Named\ms1ma2nl3RD4ahabalcl-S.png,C:\PROJECTS\Backup_H2\Named,ms1ma2nl3RD4ahabalcl-S,.png,661///111//422/002220332643::111201:::451145:AP1MM0PM,6/1/2023 6:10:54 AM,6/1/2023 6:11:15 AM,1/14/2023 12:41:10 PM,Archive
C:\PROJECTS\Backup_H2\Named\ms1ms2DS3BN4abatedmdez.jpg,C:\PROJECTS\Backup_H2\Named,ms1ms2DS3BN4abatedmdez,.jpg,661///111//322/002220332643::311:014::751:355AP4MMPM,6/1/2023 6:10:53 AM,6/1/2023 6:11:15 AM,1/13/2023 3:47:54 PM,Archive
C:\PROJECTS\Backup_H2\Named\ms1ms2nl3BE4abcjclgnez.png,C:\PROJECTS\Backup_H2\Named,ms1ms2nl3BE4abcjclgnez,.png,661///111//422/002220332643::111201:::451035:AP5MM6PM,6/1/2023 6:10:53 AM,6/1/2023 6:11:15 AM,1/14/2023 12:40:56 PM,Archive
C:\PROJECTS\Backup_H2\Named\ms1ms2nl3BE4afchabgn)mh-S.png,C:\PROJECTS\Backup_H2\Named,ms1ms2nl3BE4afchabgn)mh-S,.png,661///111//422/002220332643::111201:::451035:AP4MM8PM,6/1/2023 6:10:53 AM,6/1/2023 6:11:15 AM,1/14/2023 12:40:48 PM,Archive
C:\PROJECTS\Backup_H2\Named\ms1ms2nl3RD4abktodcvczed.png,C:\PROJECTS\Backup_H2\Named,ms1ms2nl3RD4abktodcvczed,.png,661///111//922/002220332643::111101:::151735:AP5MM4AM,6/1/2023 6:10:53 AM,6/1/2023 6:11:15 AM,1/19/2023 11:17:54 AM,Archive
C:\PROJECTS\Backup_H2\Named\msashi12314.jpg,C:\PROJECTS\Backup_H2\Named,msashi12314,.jpg,661///112///222000222333648:::111016:::512350APAMMM,6/1/2023 6:10:53 AM,6/1/2023 6:11:15 AM,1/2/2023 8:16:20 AM,Archive
C:\PROJECTS\Backup_H2\Named\ne1as2MY3BN4abodahezctgv.jpg,C:\PROJECTS\Backup_H2\Named,ne1as2MY3BN4abodahezctgv,.jpg,661///111//622/002220332643::111:015::051:352AP4MMPM,6/1/2023 6:10:53 AM,6/1/2023 6:11:15 AM,1/16/2023 1:50:24 PM,Archive
C:\PROJECTS\Backup_H2\Named\ne1as2nl3BN4abahcxgvctmb.jpg,C:\PROJECTS\Backup_H2\Named,ne1as2nl3BN4abahcxgvctmb,.jpg,661///111//322/002220332643::311:014::451:351AP4MMPM,6/1/2023 6:10:53 AM,6/1/2023 6:11:15 AM,1/13/2023 3:44:14 PM,Archive
C:\PROJECTS\Backup_H2\Named\ne1as2nl3BN4ahabgvepmb-S.jpg,C:\PROJECTS\Backup_H2\Named,ne1as2nl3BN4ahabgvepmb-S,.jpg,661///111//322/002220332643::311:014::451:350AP6MMPM,6/1/2023 6:10:53 AM,6/1/2023 6:11:15 AM,1/13/2023 3:44:06 PM,Archive
C:\PROJECTS\Backup_H2\Named\pt1ia2MY3BK4afabgbgpcrgx.jpg,C:\PROJECTS\Backup_H2\Named,pt1ia2MY3BK4afabgbgpcrgx,.jpg,661///111//922/002220332643::111101:::251935:AP3MM2AM,6/1/2023 6:10:53 AM,6/1/2023 6:11:15 AM,1/19/2023 11:29:32 AM,Archive
C:\PROJECTS\Backup_H2\Named\pt1pe2CG3BE4crabaf.jpg,C:\PROJECTS\Backup_H2\Named,pt1pe2CG3BE4crabaf,.jpg,662///112//422/002220332643::111201:::451345:AP5MM8PM,6/1/2023 6:10:54 AM,6/1/2023 6:11:15 AM,2/24/2023 12:43:58 PM,Archive
C:\PROJECTS\Backup_H2\Named\pt1pe2MY3BE4abgpmdatedefavcx.jpg,C:\PROJECTS\Backup_H2\Named,pt1pe2MY3BE4abgpmdatedefavcx,.jpg,662///111//522/002220332643::111:011::351:453AP8MMPM,6/1/2023 6:10:54 AM,6/1/2023 6:11:15 AM,2/15/2023 1:13:38 PM,Archive
C:\PROJECTS\Backup_H2\Named\pt1pe2SOL3BE4afabatepezangded.png,C:\PROJECTS\Backup_H2\Named,pt1pe2SOL3BE4afabatepezangded,.png,661///111//322/002220332643::211:012::151:350AP0MMPM,6/1/2023 6:10:53 AM,6/1/2023 6:11:15 AM,1/13/2023 2:21:00 PM,Archive
C:\PROJECTS\Backup_H2\Named\pt1sn2SLL3BE4afabgpcxefedmdojez.jpg,C:\PROJECTS\Backup_H2\Named,pt1sn2SLL3BE4afabgpcxefedmdojez,.jpg,662///111//522/002220332643::111:011::551:450AP8MMPM,6/1/2023 6:10:54 AM,6/1/2023 6:11:15 AM,2/15/2023 1:15:08 PM,Archive
C:\PROJECTS\Backup_H2\Named\pt1sn2SOL3BE4mhadijafcxav.png,C:\PROJECTS\Backup_H2\Named,pt1sn2SOL3BE4mhadijafcxav,.png,661///111//422/002220332643::111:014::351:350AP8MMAM,6/1/2023 6:10:53 AM,6/1/2023 6:11:15 AM,1/14/2023 1:43:08 AM,Archive
C:\PROJECTS\Backup_H2\output\ndusers-import.csv,C:\PROJECTS\Backup_H2\output,ndusers-import,.csv,661///112//322/002220332643::411:013::851:352AP4MMAM,6/1/2023 6:10:53 AM,6/1/2023 6:11:15 AM,1/23/2023 4:38:24 AM,Archive
C:\PROJECTS\Backup_H2\PCC\pt1ia2MY3BK4afabgbgpcrgx.jpg,C:\PROJECTS\Backup_H2\PCC,pt1ia2MY3BK4afabgbgpcrgx,.jpg,661///111//922/002220332643::111101:::241995:AP3MM2AM,6/1/2023 6:10:49 AM,6/1/2023 6:11:15 AM,1/19/2023 11:29:32 AM,Archive
C:\PROJECTS\Backup_H2\Unnamed\kok,C:\PROJECTS\Backup_H2\Unnamed,kok,NULL,666///111///222000222333646:::111011:::511088APAMMM,6/1/2023 6:10:50 AM,6/1/2023 6:11:18 AM,6/1/2023 6:11:18 AM,Directory
C:\PROJECTS\Backup_H2\Unnamed\102336516_p0.jpg,C:\PROJECTS\Backup_H2\Unnamed,102336516_p0,.jpg,665///115///222000222333641::211:015::551:065AP4MMPM,6/1/2023 6:10:50 AM,6/1/2023 6:11:16 AM,5/5/2023 12:55:54 PM,Archive
C:\PROJECTS\Backup_H2\Unnamed\102713292_p0.jpg,C:\PROJECTS\Backup_H2\Unnamed,102713292_p0,.jpg,665///115///222000222333641::111:010::351:062AP6MMPM,6/1/2023 6:10:50 AM,6/1/2023 6:11:16 AM,5/5/2023 11:03:26 PM,Archive
C:\PROJECTS\Backup_H2\Unnamed\103579670_p0.jpg,C:\PROJECTS\Backup_H2\Unnamed,103579670_p0,.jpg,661///111//422/002220332643::111:014::551:061AP4MMAM,6/1/2023 6:10:50 AM,6/1/2023 6:11:16 AM,1/14/2023 1:45:14 AM,Archive
C:\PROJECTS\Backup_H2\Unnamed\103609466_p1.jpg,C:\PROJECTS\Backup_H2\Unnamed,103609466_p1,.jpg,662///112//422/002220332643::111201:::451506:AP2MM2PM,6/1/2023 6:10:50 AM,6/1/2023 6:11:16 AM,2/24/2023 12:45:22 PM,Archive
C:\PROJECTS\Backup_H2\Unnamed\103624614_p0.jpg,C:\PROJECTS\Backup_H2\Unnamed,103624614_p0,.jpg,662///112//422/002220332643::111201:::351406:AP3MM2PM,6/1/2023 6:10:50 AM,6/1/2023 6:11:16 AM,2/24/2023 12:34:32 PM,Archive
C:\PROJECTS\Backup_H2\Unnamed\103667607_p0.png,C:\PROJECTS\Backup_H2\Unnamed,103667607_p0,.png,661///111//322/002220332643::211:011::851:061AP8MMPM,6/1/2023 6:10:50 AM,6/1/2023 6:11:16 AM,1/13/2023 2:18:18 PM,Archive
C:\PROJECTS\Backup_H2\Unnamed\103669369_p1.png,C:\PROJECTS\Backup_H2\Unnamed,103669369_p1,.png,662///111//222/002220332643::111:011::251:064AP8MMPM,6/1/2023 6:10:50 AM,6/1/2023 6:11:16 AM,2/12/2023 1:12:48 PM,Archive
C:\PROJECTS\Backup_H2\Unnamed\103763175_p4.png,C:\PROJECTS\Backup_H2\Unnamed,103763175_p4,.png,662///111//222/002220332643::111:011::151:062AP6MMPM,6/1/2023 6:10:50 AM,6/1/2023 6:11:16 AM,2/12/2023 1:11:26 PM,Archive
C:\PROJECTS\Backup_H2\Unnamed\103816472_p0.png,C:\PROJECTS\Backup_H2\Unnamed,103816472_p0,.png,665///115///222000222333641::111:015::651:060AP0MMAM,6/1/2023 6:10:50 AM,6/1/2023 6:11:16 AM,5/5/2023 11:56:00 AM,Archive
C:\PROJECTS\Backup_H2\Unnamed\103902937_p1.jpg,C:\PROJECTS\Backup_H2\Unnamed,103902937_p1,.jpg,663///117///222000222333645:::110017:::514064APPMMM,6/1/2023 6:10:50 AM,6/1/2023 6:11:16 AM,3/7/2023 5:07:44 PM,Archive
C:\PROJECTS\Backup_H2\Unnamed\103911728_p0.jpg,C:\PROJECTS\Backup_H2\Unnamed,103911728_p0,.jpg,662///111//422/002220332643::311:010::551:063AP4MMPM,6/1/2023 6:10:50 AM,6/1/2023 6:11:16 AM,2/14/2023 3:05:34 PM,Archive
C:\PROJECTS\Backup_H2\Unnamed\104056403_p2.png,C:\PROJECTS\Backup_H2\Unnamed,104056403_p2,.png,663///114///222000222333642:::112010:::511068APPMMM,6/1/2023 6:10:50 AM,6/1/2023 6:11:16 AM,3/4/2023 2:20:18 PM,Archive
C:\PROJECTS\Backup_H2\Unnamed\104100659_p0.jpg,C:\PROJECTS\Backup_H2\Unnamed,104100659_p0,.jpg,663///117///222000222333644:::115011:::511066APPMMM,6/1/2023 6:10:50 AM,6/1/2023 6:11:16 AM,3/7/2023 4:51:16 PM,Archive
C:\PROJECTS\Backup_H2\Unnamed\104181584_p0.jpg,C:\PROJECTS\Backup_H2\Unnamed,104181584_p0,.jpg,661///111//322/002220332643::211:012::651:065AP0MMPM,6/1/2023 6:10:50 AM,6/1/2023 6:11:16 AM,1/13/2023 2:26:50 PM,Archive
C:\PROJECTS\Backup_H2\Unnamed\104204435_p0.jpg,C:\PROJECTS\Backup_H2\Unnamed,104204435_p0,.jpg,662///112//422/002220332643::111201:::351606:AP5MM6PM,6/1/2023 6:10:50 AM,6/1/2023 6:11:16 AM,2/24/2023 12:36:56 PM,Archive
C:\PROJECTS\Backup_H2\Unnamed\104209215_p5.jpg,C:\PROJECTS\Backup_H2\Unnamed,104209215_p5,.jpg,662///111//222/002220332643::111:011::351:061AP0MMPM,6/1/2023 6:10:50 AM,6/1/2023 6:11:16 AM,2/12/2023 1:13:10 PM,Archive
C:\PROJECTS\Backup_H2\Unnamed\104400142_p0.png,C:\PROJECTS\Backup_H2\Unnamed,104400142_p0,.png,661///111//422/002220332643::111201:::451406:AP2MM4PM,6/1/2023 6:10:50 AM,6/1/2023 6:11:16 AM,1/14/2023 12:44:24 PM,Archive
C:\PROJECTS\Backup_H2\Unnamed\104409984_p4.jpg,C:\PROJECTS\Backup_H2\Unnamed,104409984_p4,.jpg,662///112//422/002220332643::111201:::351706:AP2MM8PM,6/1/2023 6:10:50 AM,6/1/2023 6:11:16 AM,2/24/2023 12:37:28 PM,Archive
C:\PROJECTS\Backup_H2\Unnamed\104411694_p2.png,C:\PROJECTS\Backup_H2\Unnamed,104411694_p2,.png,662///111//222/002220332643::111:011::051:063AP6MMPM,6/1/2023 6:10:50 AM,6/1/2023 6:11:16 AM,2/12/2023 1:10:36 PM,Archive
C:\PROJECTS\Backup_H2\Unnamed\104428026_p0.png,C:\PROJECTS\Backup_H2\Unnamed,104428026_p0,.png,661///111//422/002220332643::111201:::451406:AP0MM8PM,6/1/2023 6:10:50 AM,6/1/2023 6:11:16 AM,1/14/2023 12:44:08 PM,Archive
C:\PROJECTS\Backup_H2\Unnamed\104451410_p2.jpg,C:\PROJECTS\Backup_H2\Unnamed,104451410_p2,.jpg,663///111//522/002220332643::111001:::151906:AP4MM8AM,6/1/2023 6:10:50 AM,6/1/2023 6:11:16 AM,3/15/2023 10:19:48 AM,Archive
C:\PROJECTS\Backup_H2\Unnamed\104455021_p1.jpg,C:\PROJECTS\Backup_H2\Unnamed,104455021_p1,.jpg,661///111//422/002220332643::111201:::451706:AP5MM8PM,6/1/2023 6:10:50 AM,6/1/2023 6:11:16 AM,1/14/2023 12:47:58 PM,Archive
C:\PROJECTS\Backup_H2\Unnamed\104578425_p0.jpg,C:\PROJECTS\Backup_H2\Unnamed,104578425_p0,.jpg,665///115///222000222333641::111:015::851:060AP2MMAM,6/1/2023 6:10:50 AM,6/1/2023 6:11:16 AM,5/5/2023 11:58:02 AM,Archive
C:\PROJECTS\Backup_H2\Unnamed\104590919_p0.png,C:\PROJECTS\Backup_H2\Unnamed,104590919_p0,.png,661///111//822/002220332643::111001:::251306:AP5MM0AM,6/1/2023 6:10:50 AM,6/1/2023 6:11:16 AM,1/18/2023 10:23:50 AM,Archive
C:\PROJECTS\Backup_H2\Unnamed\104602817_p0.jpg,C:\PROJECTS\Backup_H2\Unnamed,104602817_p0,.jpg,662///112//422/002220332643::111201:::551906:AP1MM2PM,6/1/2023 6:10:50 AM,6/1/2023 6:11:16 AM,2/24/2023 12:59:12 PM,Archive
C:\PROJECTS\Backup_H2\Unnamed\104602918_p0.jpg,C:\PROJECTS\Backup_H2\Unnamed,104602918_p0,.jpg,661///111//922/002220332643::111101:::151206:AP4MM4AM,6/1/2023 6:10:50 AM,6/1/2023 6:11:16 AM,1/19/2023 11:12:44 AM,Archive
C:\PROJECTS\Backup_H2\Unnamed\104617987_p0.jpg,C:\PROJECTS\Backup_H2\Unnamed,104617987_p0,.jpg,661///111//922/002220332643::111101:::151306:AP0MM4AM,6/1/2023 6:10:50 AM,6/1/2023 6:11:16 AM,1/19/2023 11:13:04 AM,Archive
C:\PROJECTS\Backup_H2\Unnamed\104847636_p0.jpg,C:\PROJECTS\Backup_H2\Unnamed,104847636_p0,.jpg,662///111//222/002220332643::111:012::451:063AP0MMPM,6/1/2023 6:10:50 AM,6/1/2023 6:11:16 AM,2/12/2023 1:24:30 PM,Archive
C:\PROJECTS\Backup_H2\Unnamed\104874413_p0.jpg,C:\PROJECTS\Backup_H2\Unnamed,104874413_p0,.jpg,662///112//422/002220332643::111201:::351506:AP0MM4PM,6/1/2023 6:10:50 AM,6/1/2023 6:11:16 AM,2/24/2023 12:35:04 PM,Archive
C:\PROJECTS\Backup_H2\Unnamed\104889054_p0.jpg,C:\PROJECTS\Backup_H2\Unnamed,104889054_p0,.jpg,662///111//522/002220332643::111:010::151:062AP8MMPM,6/1/2023 6:10:50 AM,6/1/2023 6:11:16 AM,2/15/2023 1:01:28 PM,Archive
C:\PROJECTS\Backup_H2\Unnamed\104963717_p10.jpg,C:\PROJECTS\Backup_H2\Unnamed,104963717_p10,.jpg,662///111//222/002220332643::111:010::651:064AP8MMPM,6/1/2023 6:10:50 AM,6/1/2023 6:11:16 AM,2/12/2023 1:06:48 PM,Archive
C:\PROJECTS\Backup_H2\Unnamed\104965974_p1.jpg,C:\PROJECTS\Backup_H2\Unnamed,104965974_p1,.jpg,663///117///222000222333644:::114016:::511068APPMMM,6/1/2023 6:10:50 AM,6/1/2023 6:11:16 AM,3/7/2023 4:46:18 PM,Archive
C:\PROJECTS\Backup_H2\Unnamed\105057453_p0.jpg,C:\PROJECTS\Backup_H2\Unnamed,105057453_p0,.jpg,662///112//422/002220332643::111201:::551306:AP2MM2PM,6/1/2023 6:10:50 AM,6/1/2023 6:11:16 AM,2/24/2023 12:53:22 PM,Archive
C:\PROJECTS\Backup_H2\Unnamed\105151277_p0.png,C:\PROJECTS\Backup_H2\Unnamed,105151277_p0,.png,662///111//222/002220332643::111:011::351:064AP0MMPM,6/1/2023 6:10:50 AM,6/1/2023 6:11:16 AM,2/12/2023 1:13:40 PM,Archive
C:\PROJECTS\Backup_H2\Unnamed\105208019_p0.png,C:\PROJECTS\Backup_H2\Unnamed,105208019_p0,.png,664///112//422/002220332643::111201:::051806:AP1MM2PM,6/1/2023 6:10:50 AM,6/1/2023 6:11:16 AM,4/24/2023 12:08:12 PM,Archive
C:\PROJECTS\Backup_H2\Unnamed\105397083_p1.jpg,C:\PROJECTS\Backup_H2\Unnamed,105397083_p1,.jpg,662///111//522/002220332643::111001:::051506:AP0MM8AM,6/1/2023 6:10:50 AM,6/1/2023 6:11:16 AM,2/15/2023 10:05:08 AM,Archive
C:\PROJECTS\Backup_H2\Unnamed\105421843_p0.jpg,C:\PROJECTS\Backup_H2\Unnamed,105421843_p0,.jpg,663///117///222000222333644:::115013:::510066APPMMM,6/1/2023 6:10:50 AM,6/1/2023 6:11:16 AM,3/7/2023 4:53:06 PM,Archive
C:\PROJECTS\Backup_H2\Unnamed\105423890_p1.jpg,C:\PROJECTS\Backup_H2\Unnamed,105423890_p1,.jpg,664///112//422/002220332643::111201:::051806:AP2MM4PM,6/1/2023 6:10:50 AM,6/1/2023 6:11:16 AM,4/24/2023 12:08:24 PM,Archive
C:\PROJECTS\Backup_H2\Unnamed\105423890_p3.jpg,C:\PROJECTS\Backup_H2\Unnamed,105423890_p3,.jpg,663///117///222000222333644:::114019:::513064APPMMM,6/1/2023 6:10:50 AM,6/1/2023 6:11:16 AM,3/7/2023 4:49:34 PM,Archive
C:\PROJECTS\Backup_H2\Unnamed\105475304_p3.jpg,C:\PROJECTS\Backup_H2\Unnamed,105475304_p3,.jpg,663///117///222000222333645:::110014:::512068APPMMM,6/1/2023 6:10:50 AM,6/1/2023 6:11:16 AM,3/7/2023 5:04:28 PM,Archive
C:\PROJECTS\Backup_H2\Unnamed\105592722_p1.jpg,C:\PROJECTS\Backup_H2\Unnamed,105592722_p1,.jpg,662///112//422/002220332643::111201:::351406:AP1MM4PM,6/1/2023 6:10:50 AM,6/1/2023 6:11:16 AM,2/24/2023 12:34:14 PM,Archive
C:\PROJECTS\Backup_H2\Unnamed\105627066_p0.jpg,C:\PROJECTS\Backup_H2\Unnamed,105627066_p0,.jpg,662///112//422/002220332643::111201:::351406:AP1MM8PM,6/1/2023 6:10:50 AM,6/1/2023 6:11:16 AM,2/24/2023 12:34:18 PM,Archive
C:\PROJECTS\Backup_H2\Unnamed\105711217_p26.jpg,C:\PROJECTS\Backup_H2\Unnamed,105711217_p26,.jpg,662///112//522/002220332643::311:014::051:061AP4MMPM,6/1/2023 6:10:50 AM,6/1/2023 6:11:16 AM,2/25/2023 3:40:14 PM,Archive
C:\PROJECTS\Backup_H2\Unnamed\105714530_p0.png,C:\PROJECTS\Backup_H2\Unnamed,105714530_p0,.png,663///111///222000222333648:::113016:::514062APAMMM,6/1/2023 6:10:50 AM,6/1/2023 6:11:16 AM,3/1/2023 8:36:42 AM,Archive
C:\PROJECTS\Backup_H2\Unnamed\105835369_p0.jpg,C:\PROJECTS\Backup_H2\Unnamed,105835369_p0,.jpg,663///112///222000222333645:::111018:::512074APAMMM,6/1/2023 6:10:50 AM,6/1/2023 6:11:17 AM,3/2/2023 5:18:24 AM,Archive
C:\PROJECTS\Backup_H2\Unnamed\105944470_p1.jpg,C:\PROJECTS\Backup_H2\Unnamed,105944470_p1,.jpg,663///116///222000222333641:::113010:::514076APAMMM,6/1/2023 6:10:50 AM,6/1/2023 6:11:17 AM,3/6/2023 1:30:46 AM,Archive
C:\PROJECTS\Backup_H2\Unnamed\105981679_p0.jpg,C:\PROJECTS\Backup_H2\Unnamed,105981679_p0,.jpg,663///112//922/002220332643::311:011::051:072AP2MMAM,6/1/2023 6:10:50 AM,6/1/2023 6:11:17 AM,3/29/2023 3:10:22 AM,Archive
C:\PROJECTS\Backup_H2\Unnamed\106096250_p6.png,C:\PROJECTS\Backup_H2\Unnamed,106096250_p6,.png,663///111//022/002220332643::511:011::251:073AP2MMPM,6/1/2023 6:10:50 AM,6/1/2023 6:11:17 AM,3/10/2023 5:12:32 PM,Archive
C:\PROJECTS\Backup_H2\Unnamed\106581433_p0.jpg,C:\PROJECTS\Backup_H2\Unnamed,106581433_p0,.jpg,665///115///222000222333641::111:015::951:072AP6MMAM,6/1/2023 6:10:50 AM,6/1/2023 6:11:17 AM,5/5/2023 11:59:26 AM,Archive
C:\PROJECTS\Backup_H2\Unnamed\106768757_p0_master1200.jpg,C:\PROJECTS\Backup_H2\Unnamed,106768757_p0_master1200,.jpg,664///111//122/002220332643::111101:::351407:AP3MM0AM,6/1/2023 6:10:50 AM,6/1/2023 6:11:17 AM,4/11/2023 11:34:30 AM,Archive
C:\PROJECTS\Backup_H2\Unnamed\107033629_p0_master1200.jpg,C:\PROJECTS\Backup_H2\Unnamed,107033629_p0_master1200,.jpg,664///111//122/002220332643::111101:::351207:AP4MM2AM,6/1/2023 6:10:50 AM,6/1/2023 6:11:17 AM,4/11/2023 11:32:42 AM,Archive
C:\PROJECTS\Backup_H2\Unnamed\107034319_p0.jpg,C:\PROJECTS\Backup_H2\Unnamed,107034319_p0,.jpg,665///115///222000222333641::211:015::651:074AP8MMPM,6/1/2023 6:10:50 AM,6/1/2023 6:11:17 AM,5/5/2023 12:56:48 PM,Archive
C:\PROJECTS\Backup_H2\Unnamed\ai1bi2MY3PK4edabcxaf.png,C:\PROJECTS\Backup_H2\Unnamed,ai1bi2MY3PK4edabcxaf,.png,663///114///222000222333642:::111019:::514076APPMMM,6/1/2023 6:10:50 AM,6/1/2023 6:11:17 AM,3/4/2023 2:19:46 PM,Archive
C:\PROJECTS\Backup_H2\Unnamed\ai1bi2nl3PK4afabclap-S.png,C:\PROJECTS\Backup_H2\Unnamed,ai1bi2nl3PK4afabclap-S,.png,661///111//822/002220332643::111001:::251407:AP1MM4AM,6/1/2023 6:10:50 AM,6/1/2023 6:11:17 AM,1/18/2023 10:24:14 AM,Archive
C:\PROJECTS\Backup_H2\Unnamed\ai1bi2SBL3PK4abclavafez.jpg,C:\PROJECTS\Backup_H2\Unnamed,ai1bi2SBL3PK4abclavafez,.jpg,662///112//422/002220332643::111201:::451007:AP1MM0PM,6/1/2023 6:10:50 AM,6/1/2023 6:11:17 AM,2/24/2023 12:40:10 PM,Archive
C:\PROJECTS\Backup_H2\Unnamed\ai1mi2MY3BE4ezabelcxcv.jpg,C:\PROJECTS\Backup_H2\Unnamed,ai1mi2MY3BE4ezabelcxcv,.jpg,663///114///222000222333642:::112012:::513074APPMMM,6/1/2023 6:10:50 AM,6/1/2023 6:11:17 AM,3/4/2023 2:22:34 PM,Archive
C:\PROJECTS\Backup_H2\Unnamed\ai1si2nl3PK4cvabgvap-S.png,C:\PROJECTS\Backup_H2\Unnamed,ai1si2nl3PK4cvabgvap-S,.png,661///111//322/002220332643::211:012::451:070AP6MMPM,6/1/2023 6:10:50 AM,6/1/2023 6:11:17 AM,1/13/2023 2:24:06 PM,Archive
C:\PROJECTS\Backup_H2\Unnamed\Capture.PNG,C:\PROJECTS\Backup_H2\Unnamed,Capture,.PNG,661///111//022/002220332643::611:011::251:072AP2MMAM,6/1/2023 6:10:50 AM,6/1/2023 6:11:17 AM,1/10/2023 6:12:22 AM,Archive
C:\PROJECTS\Backup_H2\Unnamed\FloRcoCaMAcpNiG.jpg,C:\PROJECTS\Backup_H2\Unnamed,FloRcoCaMAcpNiG,.jpg,661///117///222000222333643:::110012:::512074APPMMM,6/1/2023 6:10:50 AM,6/1/2023 6:11:17 AM,1/7/2023 3:02:24 PM,Archive
C:\PROJECTS\Backup_H2\Unnamed\FlTEwJlaAAAc0lm.jpg,C:\PROJECTS\Backup_H2\Unnamed,FlTEwJlaAAAc0lm,.jpg,661///111///222000222333641::111:011::451:073AP4MMAM,6/1/2023 6:10:50 AM,6/1/2023 6:11:17 AM,1/1/2023 11:14:34 AM,Archive
C:\PROJECTS\Backup_H2\Unnamed\Fma4cwYakAAJdXc.jpg,C:\PROJECTS\Backup_H2\Unnamed,Fma4cwYakAAJdXc,.jpg,661///111//822/002220332643::111:015::751:074AP8MMAM,6/1/2023 6:10:50 AM,6/1/2023 6:11:17 AM,1/18/2023 1:57:48 AM,Archive
C:\PROJECTS\Backup_H2\Unnamed\FmbzcdGaYAAM0AF.png,C:\PROJECTS\Backup_H2\Unnamed,FmbzcdGaYAAM0AF,.png,661///111//522/002220332643::111101:::551707:AP5MM6AM,6/1/2023 6:10:50 AM,6/1/2023 6:11:17 AM,1/15/2023 11:57:56 AM,Archive
C:\PROJECTS\Backup_H2\Unnamed\FmN6ZBLaUAQG-gk.jpg,C:\PROJECTS\Backup_H2\Unnamed,FmN6ZBLaUAQG-gk,.jpg,661///111//322/002220332643::111:010::651:074AP2MMPM,6/1/2023 6:10:50 AM,6/1/2023 6:11:17 AM,1/13/2023 1:06:42 PM,Archive
C:\PROJECTS\Backup_H2\Unnamed\Fn9hEkjaAAE0lu0.jpg,C:\PROJECTS\Backup_H2\Unnamed,Fn9hEkjaAAE0lu0,.jpg,662///113///222000222333641::211:011::451:073AP8MMPM,6/1/2023 6:10:50 AM,6/1/2023 6:11:17 AM,2/3/2023 12:14:38 PM,Archive
C:\PROJECTS\Backup_H2\Unnamed\FoAJak-agAAsC1k.jpg,C:\PROJECTS\Backup_H2\Unnamed,FoAJak-agAAsC1k,.jpg,662///113///222000222333641::211:014::651:073AP0MMPM,6/1/2023 6:10:50 AM,6/1/2023 6:11:17 AM,2/3/2023 12:46:30 PM,Archive
C:\PROJECTS\Backup_H2\Unnamed\FocJyFDXwAUh11b.jpg,C:\PROJECTS\Backup_H2\Unnamed,FocJyFDXwAUh11b,.jpg,662///119///222000222333642:::111018:::512078APAMMM,6/1/2023 6:10:50 AM,6/1/2023 6:11:17 AM,2/9/2023 2:18:28 AM,Archive
C:\PROJECTS\Backup_H2\Unnamed\FoXW-pAakAICYm3.jpg,C:\PROJECTS\Backup_H2\Unnamed,FoXW-pAakAICYm3,.jpg,662///119///222000222333641::011:012::551:071AP8MMAM,6/1/2023 6:10:50 AM,6/1/2023 6:11:17 AM,2/9/2023 10:25:18 AM,Archive
C:\PROJECTS\Backup_H2\Unnamed\gt1fn2MY3LB4admdcvchefed.jpg,C:\PROJECTS\Backup_H2\Unnamed,gt1fn2MY3LB4admdcvchefed,.jpg,661///111//422/002220332643::111:014::451:074AP2MMAM,6/1/2023 6:10:50 AM,6/1/2023 6:11:17 AM,1/14/2023 1:44:42 AM,Archive
C:\PROJECTS\Backup_H2\Unnamed\gt1gu2nl3LB4abchajcf-S.png,C:\PROJECTS\Backup_H2\Unnamed,gt1gu2nl3LB4abchajcf-S,.png,663///112///222000222333641::111:010::951:070AP4MMAM,6/1/2023 6:10:50 AM,6/1/2023 6:11:17 AM,3/2/2023 11:09:04 AM,Archive
C:\PROJECTS\Backup_H2\Unnamed\gt1nu2nl3RD4cvadcxan.jpg,C:\PROJECTS\Backup_H2\Unnamed,gt1nu2nl3RD4cvadcxan,.jpg,662///111//222/002220332643::111:010::851:073AP0MMPM,6/1/2023 6:10:50 AM,6/1/2023 6:11:17 AM,2/12/2023 1:08:30 PM,Archive
C:\PROJECTS\Backup_H2\Unnamed\gt1yn2nl3BE4mdezgpabetedah.jpg,C:\PROJECTS\Backup_H2\Unnamed,gt1yn2nl3BE4mdezgpabetedah,.jpg,662///112//422/002220332643::111201:::451707:AP3MM8PM,6/1/2023 6:10:50 AM,6/1/2023 6:11:17 AM,2/24/2023 12:47:38 PM,Archive
C:\PROJECTS\Backup_H2\Unnamed\ms12MY3BE4abalezcj.jpg,C:\PROJECTS\Backup_H2\Unnamed,ms12MY3BE4abalezcj,.jpg,663///114///222000222333642:::112013:::511072APPMMM,6/1/2023 6:10:50 AM,6/1/2023 6:11:17 AM,3/4/2023 2:23:12 PM,Archive
C:\PROJECTS\Backup_H2\Unnamed\pt1pe2SFB3BE4atabalmd.jpg,C:\PROJECTS\Backup_H2\Unnamed,pt1pe2SFB3BE4atabalmd,.jpg,661///111//322/002220332643::311:014::851:071AP6MMPM,6/1/2023 6:10:50 AM,6/1/2023 6:11:17 AM,1/13/2023 3:48:16 PM,Archive
C:\PROJECTS\Backup_H2\Unnamed\pt1su2DS3PP4abcxalcvahanmdijefed.jpg,C:\PROJECTS\Backup_H2\Unnamed,pt1su2DS3PP4abcxalcvahanmdijefed,.jpg,662///111//522/002220332643::111:011::151:074AP0MMPM,6/1/2023 6:10:50 AM,6/1/2023 6:11:17 AM,2/15/2023 1:11:40 PM,Archive
C:\PROJECTS\Backup_H2\Unnamed\pt1yi2nl3BE4alabchclgn)afmlezcz.jpg,C:\PROJECTS\Backup_H2\Unnamed,pt1yi2nl3BE4alabchclgn)afmlezcz,.jpg,662///111//422/002220332643::311:010::551:074AP8MMPM,6/1/2023 6:10:50 AM,6/1/2023 6:11:17 AM,2/14/2023 3:05:48 PM,Archive
C:\PROJECTS\Backup_H2\Unnamed\sample_eecda21e7209d4bb28e62573bf9a7e09.jpg,C:\PROJECTS\Backup_H2\Unnamed,sample_eecda21e7209d4bb28e62573bf9a7e09,.jpg,661///112///222000222333648:::111013:::515070APAMMM,6/1/2023 6:10:50 AM,6/1/2023 6:11:17 AM,1/2/2023 8:13:50 AM,Archive
C:\PROJECTS\Backup_H2\Unnamed\yaelksjdf.png,C:\PROJECTS\Backup_H2\Unnamed,yaelksjdf,.png,662///111//022/002220332643::111:012::251:075AP6MMPM,6/1/2023 6:10:50 AM,6/1/2023 6:11:17 AM,2/10/2023 1:22:56 PM,Archive
C:\PROJECTS\Backup_H2\Unnamed\zara.jpg,C:\PROJECTS\Backup_H2\Unnamed,zara,.jpg,661///111//322/002220332643::211:014::551:075AP0MMPM,6/1/2023 6:10:50 AM,6/1/2023 6:11:17 AM,1/13/2023 2:45:50 PM,Archive
C:\PROJECTS\Backup_H2\Unnamed\kok\100942014_p0.jpg,C:\PROJECTS\Backup_H2\Unnamed\kok,100942014_p0,.jpg,662///111//222/002220332643::111201:::551307:AP1MM6PM,6/1/2023 6:10:50 AM,6/1/2023 6:11:17 AM,2/12/2023 12:53:16 PM,Archive
C:\PROJECTS\Backup_H2\Unnamed\kok\100942014_p1.jpg,C:\PROJECTS\Backup_H2\Unnamed\kok,100942014_p1,.jpg,662///111//222/002220332643::111201:::551307:AP2MM4PM,6/1/2023 6:10:50 AM,6/1/2023 6:11:17 AM,2/12/2023 12:53:24 PM,Archive
C:\PROJECTS\Backup_H2\Unnamed\kok\100942014_p10.jpg,C:\PROJECTS\Backup_H2\Unnamed\kok,100942014_p10,.jpg,662///111//222/002220332643::111:010::151:175AP2MMPM,6/1/2023 6:10:51 AM,6/1/2023 6:11:17 AM,2/12/2023 1:01:52 PM,Archive
C:\PROJECTS\Backup_H2\Unnamed\kok\100942014_p11.jpg,C:\PROJECTS\Backup_H2\Unnamed\kok,100942014_p11,.jpg,662///111//222/002220332643::111:010::251:171AP4MMPM,6/1/2023 6:10:51 AM,6/1/2023 6:11:17 AM,2/12/2023 1:02:14 PM,Archive
C:\PROJECTS\Backup_H2\Unnamed\kok\100942014_p12.jpg,C:\PROJECTS\Backup_H2\Unnamed\kok,100942014_p12,.jpg,662///111//222/002220332643::111:010::251:175AP4MMPM,6/1/2023 6:10:51 AM,6/1/2023 6:11:17 AM,2/12/2023 1:02:54 PM,Archive
C:\PROJECTS\Backup_H2\Unnamed\kok\100942014_p13.jpg,C:\PROJECTS\Backup_H2\Unnamed\kok,100942014_p13,.jpg,662///111//222/002220332643::111:010::451:170AP6MMPM,6/1/2023 6:10:51 AM,6/1/2023 6:11:17 AM,2/12/2023 1:04:06 PM,Archive
C:\PROJECTS\Backup_H2\Unnamed\kok\100942014_p14.jpg,C:\PROJECTS\Backup_H2\Unnamed\kok,100942014_p14,.jpg,662///111//222/002220332643::111:010::351:185AP6MMPM,6/1/2023 6:10:51 AM,6/1/2023 6:11:18 AM,2/12/2023 1:03:56 PM,Archive
C:\PROJECTS\Backup_H2\Unnamed\kok\100942014_p15.jpg,C:\PROJECTS\Backup_H2\Unnamed\kok,100942014_p15,.jpg,662///111//222/002220332643::111:010::451:182AP2MMPM,6/1/2023 6:10:51 AM,6/1/2023 6:11:18 AM,2/12/2023 1:04:22 PM,Archive
C:\PROJECTS\Backup_H2\Unnamed\kok\100942014_p16.jpg,C:\PROJECTS\Backup_H2\Unnamed\kok,100942014_p16,.jpg,662///111//222/002220332643::111:010::451:182AP8MMPM,6/1/2023 6:10:51 AM,6/1/2023 6:11:18 AM,2/12/2023 1:04:28 PM,Archive
C:\PROJECTS\Backup_H2\Unnamed\kok\100942014_p17.jpg,C:\PROJECTS\Backup_H2\Unnamed\kok,100942014_p17,.jpg,662///111//222/002220332643::111:010::451:183AP6MMPM,6/1/2023 6:10:51 AM,6/1/2023 6:11:18 AM,2/12/2023 1:04:36 PM,Archive
C:\PROJECTS\Backup_H2\Unnamed\kok\100942014_p2.jpg,C:\PROJECTS\Backup_H2\Unnamed\kok,100942014_p2,.jpg,662///111//222/002220332643::111201:::551308:AP4MM2PM,6/1/2023 6:10:50 AM,6/1/2023 6:11:18 AM,2/12/2023 12:53:42 PM,Archive
C:\PROJECTS\Backup_H2\Unnamed\kok\100942014_p3.jpg,C:\PROJECTS\Backup_H2\Unnamed\kok,100942014_p3,.jpg,662///111//222/002220332643::111201:::551408:AP2MM4PM,6/1/2023 6:10:50 AM,6/1/2023 6:11:18 AM,2/12/2023 12:54:24 PM,Archive
C:\PROJECTS\Backup_H2\Unnamed\kok\100942014_p4.jpg,C:\PROJECTS\Backup_H2\Unnamed\kok,100942014_p4,.jpg,662///111//222/002220332643::111201:::551508:AP0MM2PM,6/1/2023 6:10:50 AM,6/1/2023 6:11:18 AM,2/12/2023 12:55:02 PM,Archive
C:\PROJECTS\Backup_H2\Unnamed\kok\100942014_p5.jpg,C:\PROJECTS\Backup_H2\Unnamed\kok,100942014_p5,.jpg,662///111//222/002220332643::111201:::551508:AP3MM2PM,6/1/2023 6:10:50 AM,6/1/2023 6:11:18 AM,2/12/2023 12:55:32 PM,Archive
C:\PROJECTS\Backup_H2\Unnamed\kok\100942014_p6.jpg,C:\PROJECTS\Backup_H2\Unnamed\kok,100942014_p6,.jpg,662///111//222/002220332643::111201:::551708:AP1MM8PM,6/1/2023 6:10:50 AM,6/1/2023 6:11:18 AM,2/12/2023 12:57:18 PM,Archive
C:\PROJECTS\Backup_H2\Unnamed\kok\100942014_p7.jpg,C:\PROJECTS\Backup_H2\Unnamed\kok,100942014_p7,.jpg,662///111//222/002220332643::111201:::551908:AP5MM6PM,6/1/2023 6:10:50 AM,6/1/2023 6:11:18 AM,2/12/2023 12:59:56 PM,Archive
C:\PROJECTS\Backup_H2\Unnamed\kok\100942014_p8.jpg,C:\PROJECTS\Backup_H2\Unnamed\kok,100942014_p8,.jpg,662///111//222/002220332643::111:010::051:083AP2MMPM,6/1/2023 6:10:50 AM,6/1/2023 6:11:18 AM,2/12/2023 1:00:32 PM,Archive
C:\PROJECTS\Backup_H2\Unnamed\kok\100942014_p9.jpg,C:\PROJECTS\Backup_H2\Unnamed\kok,100942014_p9,.jpg,662///111//222/002220332643::111:010::151:084AP4MMPM,6/1/2023 6:10:50 AM,6/1/2023 6:11:18 AM,2/12/2023 1:01:44 PM,Archive
C:\PROJECTS\Backup_H2\Z-Z-Z-Website\PapaParse-5.0.2,C:\PROJECTS\Backup_H2\Z-Z-Z-Website,PapaParse-5.0.2,.2,666///111///222000222333646:::111011:::511199APAMMM,6/1/2023 6:10:51 AM,6/1/2023 6:11:19 AM,6/1/2023 6:11:19 AM,Directory
C:\PROJECTS\Backup_H2\Z-Z-Z-Website\site,C:\PROJECTS\Backup_H2\Z-Z-Z-Website,site,NULL,666///111///222000222333646:::111011:::511399APAMMM,6/1/2023 6:10:53 AM,6/1/2023 6:11:19 AM,6/1/2023 6:11:19 AM,Directory
C:\PROJECTS\Backup_H2\Z-Z-Z-Website\Back.js,C:\PROJECTS\Backup_H2\Z-Z-Z-Website,Back,.js,661///117///222000222333646:::114013:::510196APAMMM,6/1/2023 6:10:51 AM,6/1/2023 6:11:19 AM,1/7/2023 6:43:06 AM,Archive
C:\PROJECTS\Backup_H2\Z-Z-Z-Website\Front.html,C:\PROJECTS\Backup_H2\Z-Z-Z-Website,Front,.html,661///117///222000222333648:::115017:::510196APAMMM,6/1/2023 6:10:51 AM,6/1/2023 6:11:19 AM,1/7/2023 8:57:06 AM,Archive
C:\PROJECTS\Backup_H2\Z-Z-Z-Website\PapaParse-5.0.2\docs,C:\PROJECTS\Backup_H2\Z-Z-Z-Website\PapaParse-5.0.2,docs,NULL,666///111///222000222333646:::111011:::511199APAMMM,6/1/2023 6:10:51 AM,6/1/2023 6:11:19 AM,6/1/2023 6:11:19 AM,Directory
C:\PROJECTS\Backup_H2\Z-Z-Z-Website\PapaParse-5.0.2\player,C:\PROJECTS\Backup_H2\Z-Z-Z-Website\PapaParse-5.0.2,player,NULL,666///111///222000222333646:::111011:::511299APAMMM,6/1/2023 6:10:52 AM,6/1/2023 6:11:19 AM,6/1/2023 6:11:19 AM,Directory
C:\PROJECTS\Backup_H2\Z-Z-Z-Website\PapaParse-5.0.2\.eslintrc.js,C:\PROJECTS\Backup_H2\Z-Z-Z-Website\PapaParse-5.0.2,.eslintrc,.js,668///111//222/002220331649::511:010::251:193AP6MMPM,6/1/2023 6:10:51 AM,6/1/2023 6:11:19 AM,8/12/2019 5:02:36 PM,Archive
C:\PROJECTS\Backup_H2\Z-Z-Z-Website\PapaParse-5.0.2\.gitignore,C:\PROJECTS\Backup_H2\Z-Z-Z-Website\PapaParse-5.0.2,NULL,.gitignore,668///111//222/002220331649::511:010::251:193AP6MMPM,6/1/2023 6:10:51 AM,6/1/2023 6:11:19 AM,8/12/2019 5:02:36 PM,Archive
C:\PROJECTS\Backup_H2\Z-Z-Z-Website\PapaParse-5.0.2\.npmignore,C:\PROJECTS\Backup_H2\Z-Z-Z-Website\PapaParse-5.0.2,NULL,.npmignore,668///111//222/002220331649::511:010::251:193AP6MMPM,6/1/2023 6:10:51 AM,6/1/2023 6:11:19 AM,8/12/2019 5:02:36 PM,Archive
C:\PROJECTS\Backup_H2\Z-Z-Z-Website\PapaParse-5.0.2\.travis.yml,C:\PROJECTS\Backup_H2\Z-Z-Z-Website\PapaParse-5.0.2,.travis,.yml,668///111//222/002220331649::511:010::251:193AP6MMPM,6/1/2023 6:10:51 AM,6/1/2023 6:11:19 AM,8/12/2019 5:02:36 PM,Archive
C:\PROJECTS\Backup_H2\Z-Z-Z-Website\PapaParse-5.0.2\bower.json,C:\PROJECTS\Backup_H2\Z-Z-Z-Website\PapaParse-5.0.2,bower,.json,668///111//222/002220331649::511:010::251:193AP6MMPM,6/1/2023 6:10:51 AM,6/1/2023 6:11:19 AM,8/12/2019 5:02:36 PM,Archive
C:\PROJECTS\Backup_H2\Z-Z-Z-Website\PapaParse-5.0.2\Gruntfile.js,C:\PROJECTS\Backup_H2\Z-Z-Z-Website\PapaParse-5.0.2,Gruntfile,.js,668///111//222/002220331649::511:010::251:193AP6MMPM,6/1/2023 6:10:51 AM,6/1/2023 6:11:19 AM,8/12/2019 5:02:36 PM,Archive
C:\PROJECTS\Backup_H2\Z-Z-Z-Website\PapaParse-5.0.2\LICENSE,C:\PROJECTS\Backup_H2\Z-Z-Z-Website\PapaParse-5.0.2,LICENSE,NULL,668///111//222/002220331649::511:010::251:193AP6MMPM,6/1/2023 6:10:51 AM,6/1/2023 6:11:19 AM,8/12/2019 5:02:36 PM,Archive
C:\PROJECTS\Backup_H2\Z-Z-Z-Website\PapaParse-5.0.2\package.json,C:\PROJECTS\Backup_H2\Z-Z-Z-Website\PapaParse-5.0.2,package,.json,668///111//222/002220331649::511:010::251:193AP6MMPM,6/1/2023 6:10:51 AM,6/1/2023 6:11:19 AM,8/12/2019 5:02:36 PM,Archive
C:\PROJECTS\Backup_H2\Z-Z-Z-Website\PapaParse-5.0.2\papaparse.js,C:\PROJECTS\Backup_H2\Z-Z-Z-Website\PapaParse-5.0.2,papaparse,.js,668///111//222/002220331649::511:010::251:193AP6MMPM,6/1/2023 6:10:51 AM,6/1/2023 6:11:19 AM,8/12/2019 5:02:36 PM,Archive
C:\PROJECTS\Backup_H2\Z-Z-Z-Website\PapaParse-5.0.2\papaparse.min.js,C:\PROJECTS\Backup_H2\Z-Z-Z-Website\PapaParse-5.0.2,papaparse.min,.js,668///111//222/002220331649::511:010::251:193AP6MMPM,6/1/2023 6:10:51 AM,6/1/2023 6:11:19 AM,8/12/2019 5:02:36 PM,Archive
C:\PROJECTS\Backup_H2\Z-Z-Z-Website\PapaParse-5.0.2\README.md,C:\PROJECTS\Backup_H2\Z-Z-Z-Website\PapaParse-5.0.2,README,.md,668///111//222/002220331649::511:010::251:193AP6MMPM,6/1/2023 6:10:51 AM,6/1/2023 6:11:19 AM,8/12/2019 5:02:36 PM,Archive
C:\PROJECTS\Backup_H2\Z-Z-Z-Website\PapaParse-5.0.2\docs\resources,C:\PROJECTS\Backup_H2\Z-Z-Z-Website\PapaParse-5.0.2\docs,resources,NULL,666///111///222000222333646:::111011:::511199APAMMM,6/1/2023 6:10:51 AM,6/1/2023 6:11:19 AM,6/1/2023 6:11:19 AM,Directory
C:\PROJECTS\Backup_H2\Z-Z-Z-Website\PapaParse-5.0.2\docs\Caddyfile,C:\PROJECTS\Backup_H2\Z-Z-Z-Website\PapaParse-5.0.2\docs,Caddyfile,NULL,668///111//222/002220331649::511:010::251:193AP6MMPM,6/1/2023 6:10:51 AM,6/1/2023 6:11:19 AM,8/12/2019 5:02:36 PM,Archive
C:\PROJECTS\Backup_H2\Z-Z-Z-Website\PapaParse-5.0.2\docs\CNAME,C:\PROJECTS\Backup_H2\Z-Z-Z-Website\PapaParse-5.0.2\docs,CNAME,NULL,668///111//222/002220331649::511:010::251:193AP6MMPM,6/1/2023 6:10:51 AM,6/1/2023 6:11:19 AM,8/12/2019 5:02:36 PM,Archive
C:\PROJECTS\Backup_H2\Z-Z-Z-Website\PapaParse-5.0.2\docs\demo.html,C:\PROJECTS\Backup_H2\Z-Z-Z-Website\PapaParse-5.0.2\docs,demo,.html,668///111//222/002220331649::511:010::251:193AP6MMPM,6/1/2023 6:10:51 AM,6/1/2023 6:11:19 AM,8/12/2019 5:02:36 PM,Archive
C:\PROJECTS\Backup_H2\Z-Z-Z-Website\PapaParse-5.0.2\docs\docs.html,C:\PROJECTS\Backup_H2\Z-Z-Z-Website\PapaParse-5.0.2\docs,docs,.html,668///111//222/002220331649::511:010::251:193AP6MMPM,6/1/2023 6:10:51 AM,6/1/2023 6:11:19 AM,8/12/2019 5:02:36 PM,Archive
C:\PROJECTS\Backup_H2\Z-Z-Z-Website\PapaParse-5.0.2\docs\faq.html,C:\PROJECTS\Backup_H2\Z-Z-Z-Website\PapaParse-5.0.2\docs,faq,.html,668///111//222/002220331649::511:010::251:193AP6MMPM,6/1/2023 6:10:51 AM,6/1/2023 6:11:19 AM,8/12/2019 5:02:36 PM,Archive
C:\PROJECTS\Backup_H2\Z-Z-Z-Website\PapaParse-5.0.2\docs\favicon.ico,C:\PROJECTS\Backup_H2\Z-Z-Z-Website\PapaParse-5.0.2\docs,favicon,.ico,668///111//222/002220331649::511:010::251:193AP6MMPM,6/1/2023 6:10:51 AM,6/1/2023 6:11:19 AM,8/12/2019 5:02:36 PM,Archive
C:\PROJECTS\Backup_H2\Z-Z-Z-Website\PapaParse-5.0.2\docs\index.html,C:\PROJECTS\Backup_H2\Z-Z-Z-Website\PapaParse-5.0.2\docs,index,.html,668///111//222/002220331649::511:010::251:193AP6MMPM,6/1/2023 6:10:51 AM,6/1/2023 6:11:19 AM,8/12/2019 5:02:36 PM,Archive
C:\PROJECTS\Backup_H2\Z-Z-Z-Website\PapaParse-5.0.2\docs\resources\css,C:\PROJECTS\Backup_H2\Z-Z-Z-Website\PapaParse-5.0.2\docs\resources,css,NULL,666///111///222000222333646:::111011:::511199APAMMM,6/1/2023 6:10:51 AM,6/1/2023 6:11:19 AM,6/1/2023 6:11:19 AM,Directory
C:\PROJECTS\Backup_H2\Z-Z-Z-Website\PapaParse-5.0.2\docs\resources\files,C:\PROJECTS\Backup_H2\Z-Z-Z-Website\PapaParse-5.0.2\docs\resources,files,NULL,666///111///222000222333646:::111011:::511199APAMMM,6/1/2023 6:10:51 AM,6/1/2023 6:11:19 AM,6/1/2023 6:11:19 AM,Directory
C:\PROJECTS\Backup_H2\Z-Z-Z-Website\PapaParse-5.0.2\docs\resources\js,C:\PROJECTS\Backup_H2\Z-Z-Z-Website\PapaParse-5.0.2\docs\resources,js,NULL,666///111///222000222333646:::111011:::511299APAMMM,6/1/2023 6:10:52 AM,6/1/2023 6:11:19 AM,6/1/2023 6:11:19 AM,Directory
C:\PROJECTS\Backup_H2\Z-Z-Z-Website\PapaParse-5.0.2\docs\resources\css\common.css,C:\PROJECTS\Backup_H2\Z-Z-Z-Website\PapaParse-5.0.2\docs\resources\css,common,.css,668///111//222/002220331649::511:010::251:193AP6MMPM,6/1/2023 6:10:51 AM,6/1/2023 6:11:19 AM,8/12/2019 5:02:36 PM,Archive
C:\PROJECTS\Backup_H2\Z-Z-Z-Website\PapaParse-5.0.2\docs\resources\css\demo.css,C:\PROJECTS\Backup_H2\Z-Z-Z-Website\PapaParse-5.0.2\docs\resources\css,demo,.css,668///111//222/002220331649::511:010::251:193AP6MMPM,6/1/2023 6:10:51 AM,6/1/2023 6:11:19 AM,8/12/2019 5:02:36 PM,Archive
C:\PROJECTS\Backup_H2\Z-Z-Z-Website\PapaParse-5.0.2\docs\resources\css\home.css,C:\PROJECTS\Backup_H2\Z-Z-Z-Website\PapaParse-5.0.2\docs\resources\css,home,.css,668///111//222/002220331649::511:010::251:193AP6MMPM,6/1/2023 6:10:51 AM,6/1/2023 6:11:19 AM,8/12/2019 5:02:36 PM,Archive
C:\PROJECTS\Backup_H2\Z-Z-Z-Website\PapaParse-5.0.2\docs\resources\css\tomorrow.highlight.css,C:\PROJECTS\Backup_H2\Z-Z-Z-Website\PapaParse-5.0.2\docs\resources\css,tomorrow.highlight,.css,668///111//222/002220331649::511:010::251:193AP6MMPM,6/1/2023 6:10:51 AM,6/1/2023 6:11:19 AM,8/12/2019 5:02:36 PM,Archive
C:\PROJECTS\Backup_H2\Z-Z-Z-Website\PapaParse-5.0.2\docs\resources\css\unsemantic.css,C:\PROJECTS\Backup_H2\Z-Z-Z-Website\PapaParse-5.0.2\docs\resources\css,unsemantic,.css,668///111//222/002220331649::511:010::251:193AP6MMPM,6/1/2023 6:10:51 AM,6/1/2023 6:11:19 AM,8/12/2019 5:02:36 PM,Archive
C:\PROJECTS\Backup_H2\Z-Z-Z-Website\PapaParse-5.0.2\docs\resources\files\big.csv,C:\PROJECTS\Backup_H2\Z-Z-Z-Website\PapaParse-5.0.2\docs\resources\files,big,.csv,668///111//222/002220331649::511:010::251:193AP6MMPM,6/1/2023 6:10:51 AM,6/1/2023 6:11:19 AM,8/12/2019 5:02:36 PM,Archive
C:\PROJECTS\Backup_H2\Z-Z-Z-Website\PapaParse-5.0.2\docs\resources\files\malformed.tsv,C:\PROJECTS\Backup_H2\Z-Z-Z-Website\PapaParse-5.0.2\docs\resources\files,malformed,.tsv,668///111//222/002220331649::511:010::251:293AP6MMPM,6/1/2023 6:10:52 AM,6/1/2023 6:11:19 AM,8/12/2019 5:02:36 PM,Archive
C:\PROJECTS\Backup_H2\Z-Z-Z-Website\PapaParse-5.0.2\docs\resources\files\normal.csv,C:\PROJECTS\Backup_H2\Z-Z-Z-Website\PapaParse-5.0.2\docs\resources\files,normal,.csv,668///111//222/002220331649::511:010::251:293AP6MMPM,6/1/2023 6:10:52 AM,6/1/2023 6:11:19 AM,8/12/2019 5:02:36 PM,Archive
C:\PROJECTS\Backup_H2\Z-Z-Z-Website\PapaParse-5.0.2\docs\resources\js\common.js,C:\PROJECTS\Backup_H2\Z-Z-Z-Website\PapaParse-5.0.2\docs\resources\js,common,.js,668///111//222/002220331649::511:010::251:293AP6MMPM,6/1/2023 6:10:52 AM,6/1/2023 6:11:19 AM,8/12/2019 5:02:36 PM,Archive
C:\PROJECTS\Backup_H2\Z-Z-Z-Website\PapaParse-5.0.2\docs\resources\js\demo.js,C:\PROJECTS\Backup_H2\Z-Z-Z-Website\PapaParse-5.0.2\docs\resources\js,demo,.js,668///111//222/002220331649::511:010::251:293AP6MMPM,6/1/2023 6:10:52 AM,6/1/2023 6:11:19 AM,8/12/2019 5:02:36 PM,Archive
C:\PROJECTS\Backup_H2\Z-Z-Z-Website\PapaParse-5.0.2\docs\resources\js\highlight.min.js,C:\PROJECTS\Backup_H2\Z-Z-Z-Website\PapaParse-5.0.2\docs\resources\js,highlight.min,.js,668///111//222/002220331649::511:010::251:293AP6MMPM,6/1/2023 6:10:52 AM,6/1/2023 6:11:19 AM,8/12/2019 5:02:36 PM,Archive
C:\PROJECTS\Backup_H2\Z-Z-Z-Website\PapaParse-5.0.2\docs\resources\js\home.js,C:\PROJECTS\Backup_H2\Z-Z-Z-Website\PapaParse-5.0.2\docs\resources\js,home,.js,668///111//222/002220331649::511:010::251:293AP6MMPM,6/1/2023 6:10:52 AM,6/1/2023 6:11:19 AM,8/12/2019 5:02:36 PM,Archive
C:\PROJECTS\Backup_H2\Z-Z-Z-Website\PapaParse-5.0.2\docs\resources\js\jquery.min.js,C:\PROJECTS\Backup_H2\Z-Z-Z-Website\PapaParse-5.0.2\docs\resources\js,jquery.min,.js,668///111//222/002220331649::511:010::251:293AP6MMPM,6/1/2023 6:10:52 AM,6/1/2023 6:11:19 AM,8/12/2019 5:02:36 PM,Archive
C:\PROJECTS\Backup_H2\Z-Z-Z-Website\PapaParse-5.0.2\docs\resources\js\lovers.js,C:\PROJECTS\Backup_H2\Z-Z-Z-Website\PapaParse-5.0.2\docs\resources\js,lovers,.js,668///111//222/002220331649::511:010::251:293AP6MMPM,6/1/2023 6:10:52 AM,6/1/2023 6:11:19 AM,8/12/2019 5:02:36 PM,Archive
C:\PROJECTS\Backup_H2\Z-Z-Z-Website\PapaParse-5.0.2\docs\resources\js\papaparse.js,C:\PROJECTS\Backup_H2\Z-Z-Z-Website\PapaParse-5.0.2\docs\resources\js,papaparse,.js,668///111//222/002220331649::511:010::251:293AP6MMPM,6/1/2023 6:10:52 AM,6/1/2023 6:11:19 AM,8/12/2019 5:02:36 PM,Archive
C:\PROJECTS\Backup_H2\Z-Z-Z-Website\PapaParse-5.0.2\docs\resources\js\skrollr.min.js,C:\PROJECTS\Backup_H2\Z-Z-Z-Website\PapaParse-5.0.2\docs\resources\js,skrollr.min,.js,668///111//222/002220331649::511:010::251:293AP6MMPM,6/1/2023 6:10:52 AM,6/1/2023 6:11:19 AM,8/12/2019 5:02:36 PM,Archive
C:\PROJECTS\Backup_H2\Z-Z-Z-Website\PapaParse-5.0.2\player\player.css,C:\PROJECTS\Backup_H2\Z-Z-Z-Website\PapaParse-5.0.2\player,player,.css,668///111//222/002220331649::511:010::251:293AP6MMPM,6/1/2023 6:10:52 AM,6/1/2023 6:11:19 AM,8/12/2019 5:02:36 PM,Archive
C:\PROJECTS\Backup_H2\Z-Z-Z-Website\PapaParse-5.0.2\player\player.html,C:\PROJECTS\Backup_H2\Z-Z-Z-Website\PapaParse-5.0.2\player,player,.html,668///111//222/002220331649::511:010::251:293AP6MMPM,6/1/2023 6:10:52 AM,6/1/2023 6:11:19 AM,8/12/2019 5:02:36 PM,Archive
C:\PROJECTS\Backup_H2\Z-Z-Z-Website\PapaParse-5.0.2\player\player.js,C:\PROJECTS\Backup_H2\Z-Z-Z-Website\PapaParse-5.0.2\player,player,.js,668///111//222/002220331649::511:010::251:293AP6MMPM,6/1/2023 6:10:52 AM,6/1/2023 6:11:19 AM,8/12/2019 5:02:36 PM,Archive
C:\PROJECTS\Backup_H2\Z-Z-Z-Website\site\PapaParse-5.0.2,C:\PROJECTS\Backup_H2\Z-Z-Z-Website\site,PapaParse-5.0.2,.2,666///111///222000222333646:::111011:::522300APAMMM,6/1/2023 6:10:53 AM,6/1/2023 6:11:20 AM,6/1/2023 6:11:20 AM,Directory
C:\PROJECTS\Backup_H2\Z-Z-Z-Website\site\Back.css,C:\PROJECTS\Backup_H2\Z-Z-Z-Website\site,Back,.css,661///119///222000222333645:::112012:::515398APAMMM,6/1/2023 6:10:53 AM,6/1/2023 6:11:19 AM,1/9/2023 5:22:58 AM,Archive
C:\PROJECTS\Backup_H2\Z-Z-Z-Website\site\Back.js,C:\PROJECTS\Backup_H2\Z-Z-Z-Website\site,Back,.js,661///119///222000222333645:::111012:::513396APAMMM,6/1/2023 6:10:53 AM,6/1/2023 6:11:19 AM,1/9/2023 5:12:36 AM,Archive
C:\PROJECTS\Backup_H2\Z-Z-Z-Website\site\Front.html,C:\PROJECTS\Backup_H2\Z-Z-Z-Website\site,Front,.html,661///119///222000222333645:::112012:::515390APAMMM,6/1/2023 6:10:53 AM,6/1/2023 6:11:19 AM,1/9/2023 5:22:50 AM,Archive
C:\PROJECTS\Backup_H2\Z-Z-Z-Website\site\PapaParse-5.0.2\player,C:\PROJECTS\Backup_H2\Z-Z-Z-Website\site\PapaParse-5.0.2,player,NULL,666///111///222000222333646:::111011:::522300APAMMM,6/1/2023 6:10:53 AM,6/1/2023 6:11:20 AM,6/1/2023 6:11:20 AM,Directory
C:\PROJECTS\Backup_H2\Z-Z-Z-Website\site\PapaParse-5.0.2\bower.json,C:\PROJECTS\Backup_H2\Z-Z-Z-Website\site\PapaParse-5.0.2,bower,.json,661///117///222000222333649:::110010:::513396APAMMM,6/1/2023 6:10:53 AM,6/1/2023 6:11:19 AM,1/7/2023 9:00:36 AM,Archive
C:\PROJECTS\Backup_H2\Z-Z-Z-Website\site\PapaParse-5.0.2\Gruntfile.js,C:\PROJECTS\Backup_H2\Z-Z-Z-Website\site\PapaParse-5.0.2,Gruntfile,.js,661///117///222000222333649:::110010:::513396APAMMM,6/1/2023 6:10:53 AM,6/1/2023 6:11:19 AM,1/7/2023 9:00:36 AM,Archive
C:\PROJECTS\Backup_H2\Z-Z-Z-Website\site\PapaParse-5.0.2\LICENSE,C:\PROJECTS\Backup_H2\Z-Z-Z-Website\site\PapaParse-5.0.2,LICENSE,NULL,661///117///222000222333649:::110010:::513396APAMMM,6/1/2023 6:10:53 AM,6/1/2023 6:11:19 AM,1/7/2023 9:00:36 AM,Archive
C:\PROJECTS\Backup_H2\Z-Z-Z-Website\site\PapaParse-5.0.2\package.json,C:\PROJECTS\Backup_H2\Z-Z-Z-Website\site\PapaParse-5.0.2,package,.json,661///117///222000222333649:::110010:::513396APAMMM,6/1/2023 6:10:53 AM,6/1/2023 6:11:19 AM,1/7/2023 9:00:36 AM,Archive
C:\PROJECTS\Backup_H2\Z-Z-Z-Website\site\PapaParse-5.0.2\papaparse.js,C:\PROJECTS\Backup_H2\Z-Z-Z-Website\site\PapaParse-5.0.2,papaparse,.js,661///117///222000222333649:::110010:::513396APAMMM,6/1/2023 6:10:53 AM,6/1/2023 6:11:19 AM,1/7/2023 9:00:36 AM,Archive
C:\PROJECTS\Backup_H2\Z-Z-Z-Website\site\PapaParse-5.0.2\papaparse.min.js,C:\PROJECTS\Backup_H2\Z-Z-Z-Website\site\PapaParse-5.0.2,papaparse.min,.js,661///117///222000222333649:::110010:::523306APAMMM,6/1/2023 6:10:53 AM,6/1/2023 6:11:20 AM,1/7/2023 9:00:36 AM,Archive
C:\PROJECTS\Backup_H2\Z-Z-Z-Website\site\PapaParse-5.0.2\player\player.css,C:\PROJECTS\Backup_H2\Z-Z-Z-Website\site\PapaParse-5.0.2\player,player,.css,661///117///222000222333649:::110010:::523306APAMMM,6/1/2023 6:10:53 AM,6/1/2023 6:11:20 AM,1/7/2023 9:00:36 AM,Archive
C:\PROJECTS\Backup_H2\Z-Z-Z-Website\site\PapaParse-5.0.2\player\player.html,C:\PROJECTS\Backup_H2\Z-Z-Z-Website\site\PapaParse-5.0.2\player,player,.html,661///117///222000222333649:::110010:::523306APAMMM,6/1/2023 6:10:53 AM,6/1/2023 6:11:20 AM,1/7/2023 9:00:36 AM,Archive
C:\PROJECTS\Backup_H2\Z-Z-Z-Website\site\PapaParse-5.0.2\player\player.js,C:\PROJECTS\Backup_H2\Z-Z-Z-Website\site\PapaParse-5.0.2\player,player,.js,661///117///222000222333649:::110010:::523306APAMMM,6/1/2023 6:10:53 AM,6/1/2023 6:11:20 AM,1/7/2023 9:00:36 AM,Archive
